rollout/ep_len_mean,time/total_timesteps,time/fps,rollout/ep_rew_mean,time/time_elapsed,time/iterations,train/explained_variance,train/loss,train/clip_fraction,train/std,train/policy_gradient_loss,train/clip_range,train/learning_rate,train/entropy_loss,train/value_loss,train/n_updates,train/approx_kl
1000.0,2048,737,227.75,2,1,,,,,,,,,,,
1000.0,4096,601,214.125,6,2,0.20371776819229126,6.465284824371338,0.00029296875,1.0002342462539673,-0.001909663345577428,0.2,1e-05,-7.095220988988876,18.87181495204568,10,0.00050810643
1000.0,6144,567,205.5,10,3,0.530881404876709,2.7285330295562744,0.000390625,1.0004031658172607,-0.0016974497848423198,0.2,1e-05,-7.096312682330608,10.359737575054169,20,0.00039837015
1000.0,8192,550,203.71875,14,4,0.7431655526161194,1.9823811054229736,0.000439453125,1.00046706199646,-0.0013239932726719418,0.2,1e-05,-7.096877408027649,7.921745352074504,30,0.00078974396
1000.0,10240,537,206.9,19,5,0.7801129072904587,5.400190353393555,0.000439453125,1.0006941556930542,-0.0014427680551307275,0.2,1e-05,-7.097521017491817,8.989479189738631,40,0.00051153207
1000.0,12288,534,207.25,23,6,0.806015357375145,11.040748596191406,0.0001953125,1.0007507801055908,-0.0017207333468832076,0.2,1e-05,-7.098156030476093,10.614829871803522,50,0.00047679132
1000.0,14336,534,207.73214285714286,26,7,0.8116637617349625,5.361968994140625,0.000146484375,1.0010300874710083,-0.0013379000109125627,0.2,1e-05,-7.099080707132816,12.8516666688025,60,0.00029192847
1000.0,16384,534,208.96875,30,8,0.834737703204155,8.387887001037598,0.0,1.0015405416488647,-0.0010690605835407042,0.2,1e-05,-7.101003943383693,12.201802368834615,70,0.00034986195
1000.0,18432,525,209.25,35,9,0.8611329346895218,1.3300775289535522,0.00068359375,1.0019062757492065,-0.0013495899351255503,0.2,1e-05,-7.103177455067635,11.15399060063064,80,0.00046542945
1000.0,20480,519,213.3125,39,10,0.8437076061964035,1.2621397972106934,0.001708984375,1.0020005702972412,-0.002153185624774778,0.2,1e-05,-7.104561857879162,15.860961659252643,90,0.0011363277
1000.0,22528,518,214.6931818181818,43,11,0.8250556141138077,30.172765731811523,0.00107421875,1.0022289752960205,-0.003144378142314963,0.2,1e-05,-7.105349856615066,17.71718749254942,100,0.0010832574
1000.0,24576,511,218.38541666666666,48,12,0.8442912548780441,2.3698313236236572,0.0013671875,1.0024244785308838,-0.0025176487797580194,0.2,1e-05,-7.106211258471012,20.207269189506768,110,0.0009377422
1000.0,26624,512,219.16346153846155,51,13,0.8715245127677917,6.390153884887695,0.002294921875,1.0027155876159668,-0.002110019039537292,0.2,1e-05,-7.107570686936379,17.296350740268828,120,0.00063718855
1000.0,28672,513,220.75,55,14,0.8410326689481735,11.034708976745605,0.001123046875,1.002992033958435,-0.0026122562900127376,0.2,1e-05,-7.1090423062443735,20.286703661829232,130,0.00096856744
1000.0,30720,514,221.48333333333332,59,15,0.8724484741687775,50.72092819213867,0.0033203125,1.00312077999115,-0.004395679385925178,0.2,1e-05,-7.109910294413567,13.365916192904114,140,0.0023002168
1000.0,32768,515,223.1796875,63,16,0.8652917593717575,4.268647193908691,0.000634765625,1.0033657550811768,-0.0013367652849410661,0.2,1e-05,-7.110889732837677,14.954626078531145,150,0.00058940845
1000.0,34816,515,226.25,67,17,0.850818544626236,3.6822667121887207,0.002685546875,1.00365149974823,-0.0027829848804685753,0.2,1e-05,-7.112290813028812,18.178994173556568,160,0.0019331649
1000.0,36864,517,227.58333333333334,71,18,0.8610230982303619,2.2163071632385254,0.000537109375,1.0039546489715576,-0.0015202869559288955,0.2,1e-05,-7.113778573274613,17.63147756382823,170,0.0004160045
1000.0,38912,514,228.73684210526315,75,19,0.8464695513248444,4.145075798034668,0.00078125,1.004467487335205,-0.001843338784237858,0.2,1e-05,-7.115553310513496,18.47220107242465,180,0.0011016952
1000.0,40960,511,230.19375,80,20,0.8666977733373642,10.492650032043457,0.00166015625,1.0047156810760498,-0.002625177291338332,0.2,1e-05,-7.1175698161125185,16.493206103891133,190,0.0014452804
1000.0,43008,512,231.0639534883721,83,21,0.8758018389344215,6.438843727111816,0.002978515625,1.005246877670288,-0.0035361211623239795,0.2,1e-05,-7.119542764127255,18.83492437377572,200,0.0017420598
1000.0,45056,513,231.3,87,22,0.8579288721084595,2.425093650817871,0.00107421875,1.0053869485855103,-0.0012440689977665897,0.2,1e-05,-7.121126802265644,23.759396171197295,210,0.0009010927
1000.0,47104,514,231.60638297872342,91,23,0.9049580469727516,4.019985198974609,0.001904296875,1.0055553913116455,-0.00260240000570775,0.2,1e-05,-7.121874547004699,15.653982686251402,220,0.00083343964
1000.0,49152,515,232.58163265306123,95,24,0.8752569034695625,3.4506959915161133,4.8828125e-05,1.0057729482650757,-0.0009873078881355469,0.2,1e-05,-7.122978600859642,14.795428766310215,230,0.00042204716
1000.0,51200,515,233.15196078431373,99,25,0.8583302944898605,1.1418219804763794,4.8828125e-05,1.0062018632888794,-0.0011031038440705743,0.2,1e-05,-7.1245689079165455,16.075540006905793,240,0.00031729383
1000.0,53248,516,234.28301886792454,103,26,0.8780780211091042,2.5489838123321533,0.005859375,1.0065572261810303,-0.0034755518543533983,0.2,1e-05,-7.126504005491734,14.020291366428136,250,0.0027807273
1000.0,55296,513,235.38636363636363,107,27,0.8824167624115944,1.9804645776748657,0.0052734375,1.0070044994354248,-0.00513826743044774,0.2,1e-05,-7.128533975780011,16.331853346899152,260,0.0027735424
1000.0,57344,514,235.51754385964912,111,28,0.8732297867536545,1.2855336666107178,0.003173828125,1.0073832273483276,-0.0027683244908985214,0.2,1e-05,-7.130464442074299,15.6808359246701,270,0.0010535485
1000.0,59392,513,236.25,115,29,0.8781506270170212,6.288676738739014,0.000439453125,1.0077444314956665,-0.000768973289814312,0.2,1e-05,-7.132536540925503,14.73126859664917,280,0.0004984832
1000.0,61440,513,237.172131147541,119,30,0.87462317943573,5.461911678314209,0.001513671875,1.0079476833343506,-0.0033387655937985984,0.2,1e-05,-7.133690193295479,16.58417087905109,290,0.0015555535
1000.0,63488,513,237.234126984127,123,31,0.8619764298200607,2.50459361076355,0.00205078125,1.0082749128341675,-0.0032679216088581597,0.2,1e-05,-7.135100412368774,16.833452366665007,300,0.0012491699
1000.0,65536,513,238.41538461538462,127,32,0.8705433756113052,1.5497373342514038,0.000244140625,1.0085418224334717,-0.001901658914721338,0.2,1e-05,-7.136565120518208,16.38521504253149,310,0.00049728353
1000.0,67584,514,238.46268656716418,131,33,0.874746784567833,2.9383156299591064,0.000927734375,1.0088331699371338,-0.0014117635902948678,0.2,1e-05,-7.138079911470413,15.479709957167506,320,0.00072698714
1000.0,69632,514,238.83695652173913,135,34,0.8879470452666283,2.2093513011932373,0.00087890625,1.0094459056854248,-0.0019252418009273243,0.2,1e-05,-7.13993354588747,14.727316166833043,330,0.0007262764
1000.0,71680,515,238.89084507042253,139,35,0.8840011358261108,65.85810852050781,0.003759765625,1.0097553730010986,-0.0027613418096734677,0.2,1e-05,-7.142418830096721,15.094208699837328,340,0.0030993978
1000.0,73728,516,239.486301369863,142,36,0.8845449090003967,2.363697052001953,0.001318359375,1.0102126598358154,-0.0022296231916698163,0.2,1e-05,-7.144316457211971,15.90759617574513,350,0.0010559937
1000.0,75776,516,239.45333333333335,146,37,0.8737939894199371,1.7782292366027832,0.00087890625,1.010482668876648,-0.002048353796999436,0.2,1e-05,-7.146159952878952,17.737471624091267,360,0.0012907234
1000.0,77824,517,239.6818181818182,150,38,0.8564901351928711,0.9348762631416321,0.003369140625,1.0109667778015137,-0.002855019213166088,0.2,1e-05,-7.148134142160416,17.95544172488153,370,0.0012394264
1000.0,79872,518,240.12974683544303,154,39,0.8721489012241364,2.5215306282043457,0.003466796875,1.0110843181610107,-0.003604197021923028,0.2,1e-05,-7.149491076171398,13.860148257017135,380,0.0018090275
1000.0,81920,518,240.429012345679,157,40,0.8726433217525482,3.5021519660949707,0.000927734375,1.0112355947494507,-0.0020374445361085237,0.2,1e-05,-7.150258065760136,14.391173116862774,390,0.0017949985
1000.0,83968,519,240.72289156626505,161,41,0.8849909231066704,3.7005741596221924,0.000634765625,1.0112383365631104,-0.0017326576678897254,0.2,1e-05,-7.150494162738323,15.219118579477072,400,0.0011468439
1000.0,86016,519,241.5639534883721,165,42,0.8872403651475906,2.5538856983184814,0.000244140625,1.0118093490600586,-0.0013269153987494064,0.2,1e-05,-7.151906967163086,14.368836578726768,410,0.00043977267
1000.0,88064,520,243.03977272727272,169,43,0.887403778731823,2.681156635284424,0.002099609375,1.012107014656067,-0.0025228514194168385,0.2,1e-05,-7.154074078798294,18.572738946974276,420,0.0028001291
1000.0,90112,520,243.25833333333333,173,44,0.8896972760558128,2.996245861053467,0.000146484375,1.0122454166412354,-0.00110603929424542,0.2,1e-05,-7.155169081687927,17.595712937414646,430,0.00047736234
1000.0,92160,521,243.6983695652174,176,45,0.8904063180088997,72.16202545166016,0.002294921875,1.0124945640563965,-0.0038257501495536418,0.2,1e-05,-7.156084713339806,17.075111100450158,440,0.0024561496
1000.0,94208,521,244.09574468085106,180,46,0.886098176240921,4.560582637786865,0.000439453125,1.0127085447311401,-0.0015973496818332932,0.2,1e-05,-7.157334844768047,15.365654972940684,450,0.00055313145
1000.0,96256,521,244.79166666666666,184,47,0.898161955177784,68.93804931640625,0.00283203125,1.0127464532852173,-0.0031876879031187853,0.2,1e-05,-7.158026547729969,15.765018793940545,460,0.0023621207
1000.0,98304,522,245.34948979591837,188,48,0.9070890098810196,72.18217468261719,0.00380859375,1.0130726099014282,-0.0026894575006735978,0.2,1e-05,-7.15879018008709,14.002106930688024,470,0.0020577232
1000.0,100352,522,246.04,191,49,0.8949760049581528,1.1753336191177368,0.00283203125,1.0132825374603271,-0.0034347949433140455,0.2,1e-05,-7.160086128115654,16.062059748917818,480,0.0030914326
1000.0,102400,523,246.3025,195,50,0.8870095983147621,2.085655689239502,0.002685546875,1.0132310390472412,-0.0018437494094541763,0.2,1e-05,-7.160496127605438,15.760349167883396,490,0.0031031503
1000.0,104448,523,247.7275,199,51,0.82405985891819,3.7444119453430176,0.01103515625,1.0131795406341553,-0.0061857958055043126,0.2,1e-05,-7.160301961004734,17.89590154439211,500,0.004300088
1000.0,106496,524,249.3875,203,52,0.8794554620981216,1.2138135433197021,0.0,1.013257384300232,-0.001564573386713164,0.2,1e-05,-7.160396675765514,14.26360480710864,510,0.0009275444
1000.0,108544,524,251.2225,207,53,0.8941090032458305,3.2472877502441406,0.00693359375,1.0133931636810303,-0.004747368376411032,0.2,1e-05,-7.160783387720585,12.491199127212166,520,0.0034419387
1000.0,110592,523,252.495,211,54,0.8904969543218613,2.1829419136047363,0.004541015625,1.0136125087738037,-0.004290403770573903,0.2,1e-05,-7.161733035743237,14.519835536181926,530,0.0032489141
1000.0,112640,523,254.665,214,55,0.8895391598343849,7.530942916870117,0.00859375,1.0139110088348389,-0.004413021460641176,0.2,1e-05,-7.163115879893303,15.375171697884799,540,0.004272324
1000.0,114688,523,256.1825,219,56,0.8957312852144241,3.120197057723999,0.0017578125,1.0139728784561157,-0.0025485657417448236,0.2,1e-05,-7.163974572718144,14.651062539964915,550,0.0024283691
1000.0,116736,523,257.31,222,57,0.8612438142299652,2.7397408485412598,0.001611328125,1.0143208503723145,-0.003034395448048599,0.2,1e-05,-7.164830921590328,15.992661898583174,560,0.0014531466
1000.0,118784,523,259.0875,226,58,0.8745552599430084,1.9939346313476562,0.018359375,1.014307975769043,-0.005612707434920594,0.2,1e-05,-7.16572634279728,13.572843714430928,570,0.0053562853
1000.0,120832,524,260.0575,230,59,0.8756407052278519,5.473177433013916,0.000634765625,1.0146135091781616,-0.0024551707050704864,0.2,1e-05,-7.166377884149552,15.49988879263401,580,0.002036274
1000.0,122880,524,261.2625,234,60,0.8652861565351486,2.992917537689209,0.0294921875,1.0148051977157593,-0.0054225228952418545,0.2,1e-05,-7.16765647828579,14.193982930108906,590,0.005277
1000.0,124928,524,262.975,238,61,0.8476437628269196,3.0099093914031982,0.01953125,1.0148990154266357,-0.003273527734563686,0.2,1e-05,-7.16840765029192,14.746364863961935,600,0.0045889793
1000.0,126976,525,264.8275,241,62,0.8506535291671753,2.5532588958740234,0.016259765625,1.0151402950286865,-0.004739646375310258,0.2,1e-05,-7.169134247303009,15.89130478799343,610,0.0054442007
1000.0,129024,525,266.9925,245,63,0.8577111512422562,4.844130992889404,0.001513671875,1.0151392221450806,-0.0022441116961999796,0.2,1e-05,-7.169902224838734,15.944830530881882,620,0.0024366528
1000.0,131072,525,268.3925,249,64,0.8772842884063721,5.440409183502197,0.0001953125,1.015364408493042,-0.0010048582236777293,0.2,1e-05,-7.170147535204888,22.50207155868411,630,0.00046290754
1000.0,133120,525,269.425,253,65,0.8725531697273254,3.6199021339416504,0.007958984375,1.0156700611114502,-0.004969491661177017,0.2,1e-05,-7.171662917733192,17.46824967712164,640,0.003983898
1000.0,135168,525,269.9175,256,66,0.8506411761045456,3.308105945587158,0.004052734375,1.016075849533081,-0.003203758018571534,0.2,1e-05,-7.173243057727814,16.085733921825884,650,0.0036996335
1000.0,137216,525,271.59,260,67,0.8605655282735825,2.289628744125366,0.028759765625,1.016174077987671,-0.0056651724866242145,0.2,1e-05,-7.174663063883782,16.69621969982982,660,0.006315002
1000.0,139264,526,272.945,264,68,0.8749978095293045,2.294793128967285,0.03203125,1.016185998916626,-0.005254648764821468,0.2,1e-05,-7.174782112240791,16.770222010463478,670,0.0070654787
1000.0,141312,526,273.75,268,69,0.8593721836805344,3.586970806121826,0.015185546875,1.0163064002990723,-0.005007197428494692,0.2,1e-05,-7.175228640437126,17.099100011587144,680,0.0048107104
1000.0,143360,526,275.765,272,70,0.8685529977083206,2.161102056503296,0.006494140625,1.016424536705017,-0.0033338788911351004,0.2,1e-05,-7.17577292919159,16.578713981807233,690,0.003662199
1000.0,145408,525,277.495,276,71,0.8468608558177948,62.35840606689453,0.00068359375,1.016850233078003,-0.002213188677706057,0.2,1e-05,-7.177116790413857,15.398624689877034,700,0.0019020332
1000.0,147456,525,279.275,280,72,0.8665558248758316,2.299917697906494,0.01337890625,1.0169217586517334,-0.0036728437069541544,0.2,1e-05,-7.178291894495487,17.406885002553462,710,0.0047601266
1000.0,149504,525,280.0075,284,73,0.8405535221099854,1.5634613037109375,0.0419921875,1.0171197652816772,-0.009093480891897343,0.2,1e-05,-7.179112233221531,17.219769275188447,720,0.007357029
1000.0,151552,525,281.8225,288,74,0.8114305734634399,3.2823755741119385,0.040283203125,1.0171139240264893,-0.007890990782470908,0.2,1e-05,-7.179526261985302,21.85050480440259,730,0.0070425067
1000.0,153600,525,283.345,292,75,0.8504474759101868,2.0397846698760986,0.015185546875,1.0171902179718018,-0.0046629319345811385,0.2,1e-05,-7.179805748164654,17.484732069820165,740,0.004917983
1000.0,155648,526,284.365,295,76,0.8498519659042358,2.8717479705810547,0.0013671875,1.0179046392440796,-0.0018110231110767927,0.2,1e-05,-7.181513524055481,16.940280382335185,750,0.0027643254
1000.0,157696,526,286.82,299,77,0.8560341596603394,5.719407558441162,0.011669921875,1.0177500247955322,-0.005317926741554402,0.2,1e-05,-7.182874193787574,17.769049716740845,760,0.0042281654
1000.0,159744,525,288.1425,303,78,0.8474673181772232,2.789484977722168,0.008642578125,1.0176411867141724,-0.003782324846542906,0.2,1e-05,-7.182334117591381,18.50896171182394,770,0.0042516794
1000.0,161792,526,289.6125,307,79,0.8584782481193542,3.662449836730957,0.001123046875,1.0176270008087158,-0.002426378007658059,0.2,1e-05,-7.182139134407043,16.346179256588222,780,0.002399818
1000.0,163840,525,291.3625,311,80,0.8478931188583374,3.471787691116333,0.00185546875,1.0180556774139404,-0.0035852344662998803,0.2,1e-05,-7.182942558825016,17.83474166765809,790,0.0023773685
1000.0,165888,525,292.18,315,81,0.8715516775846481,8.035051345825195,0.003955078125,1.0179187059402466,-0.0033451600407715886,0.2,1e-05,-7.18384648412466,15.16362122669816,800,0.0025890642
1000.0,167936,525,294.275,319,82,0.8509987890720367,4.235136032104492,0.0005859375,1.0177891254425049,-0.002164868058025604,0.2,1e-05,-7.183116476237774,18.20512253344059,810,0.0017709648
1000.0,169984,526,295.7325,323,83,0.8625992983579636,3.2707762718200684,0.0150390625,1.0178273916244507,-0.00430386946973158,0.2,1e-05,-7.182972957193852,16.53192117661238,820,0.0054456256
1000.0,172032,526,299.4025,326,84,0.8486313968896866,6.504333972930908,0.010791015625,1.0179626941680908,-0.003216187002908555,0.2,1e-05,-7.183284583687782,17.899957045167685,830,0.004103508
1000.0,174080,526,300.59,330,85,0.8570210039615631,4.64889669418335,0.001708984375,1.017850637435913,-0.001978542972938158,0.2,1e-05,-7.183449549973011,24.434330805391074,840,0.0012722043
1000.0,176128,526,303.1425,334,86,0.8262318968772888,2.9481587409973145,0.0044921875,1.0181262493133545,-0.0033257880619203205,0.2,1e-05,-7.183632002770901,18.07845809459686,850,0.003414854
1000.0,178176,526,305.34,338,87,0.8494056910276413,3.2667219638824463,0.001953125,1.0181257724761963,-0.0026478920655790715,0.2,1e-05,-7.1843975022435185,17.90723538547754,860,0.002658711
1000.0,180224,526,307.52,342,88,0.8452228307723999,4.54871129989624,0.001806640625,1.0181273221969604,-0.00330194232701615,0.2,1e-05,-7.184325988590717,20.29989287927747,870,0.0020042642
1000.0,182272,526,308.88,345,89,0.8359224647283554,4.0349225997924805,0.05390625,1.0178546905517578,-0.0062433315048110675,0.2,1e-05,-7.183831082284451,17.317054255306722,880,0.007454876
1000.0,184320,526,310.655,349,90,0.804325670003891,6.048583984375,0.0451171875,1.0179508924484253,-0.007711832298082299,0.2,1e-05,-7.183170013129711,17.550511805713178,890,0.0070250505
1000.0,186368,527,312.6825,353,91,0.8169895112514496,69.33999633789062,0.009814453125,1.0177385807037354,-0.0037287062852556117,0.2,1e-05,-7.183058547973633,17.75254738777876,900,0.0046535134
1000.0,188416,527,313.5025,357,92,0.8423180431127548,1.6392557621002197,0.011181640625,1.0177068710327148,-0.003434906636539381,0.2,1e-05,-7.182423529028893,17.78051364272833,910,0.004149943
1000.0,190464,526,315.0625,361,93,0.8379992097616196,4.610544204711914,0.074755859375,1.017545223236084,-0.010567310657643247,0.2,1e-05,-7.182032345235347,19.79918639212847,920,0.009070521
1000.0,192512,527,316.9,365,94,0.852356880903244,1.8027915954589844,0.048291015625,1.0176090002059937,-0.007937598208809505,0.2,1e-05,-7.181553789973259,15.432096686959266,930,0.0059299665
1000.0,194560,527,318.645,369,95,0.8223362565040588,5.082390308380127,0.02822265625,1.017624020576477,-0.0046715678894543086,0.2,1e-05,-7.181871668994427,16.406375877559185,940,0.005539244
1000.0,196608,527,319.91,372,96,0.8075510859489441,8.783512115478516,0.01318359375,1.0179840326309204,-0.004186688587651588,0.2,1e-05,-7.182750506699085,20.37239665389061,950,0.005572477
1000.0,198656,527,322.0075,376,97,0.841700941324234,2.8880093097686768,0.027978515625,1.017661213874817,-0.004397883622186782,0.2,1e-05,-7.183012391626835,14.964947526156902,960,0.005043382
1000.0,200704,527,323.775,380,98,0.8432841897010803,2.9529802799224854,0.025732421875,1.0173060894012451,-0.005637034967367072,0.2,1e-05,-7.181173524260521,17.796415819972754,970,0.0057669412
1000.0,202752,527,326.4925,384,99,0.7980519235134125,4.600326061248779,0.021142578125,1.0170600414276123,-0.006141537544317543,0.2,1e-05,-7.1797935500741,19.696300261467695,980,0.00476831
1000.0,204800,527,328.205,388,100,0.796020969748497,9.51318645477295,0.015673828125,1.0169048309326172,-0.005705234686320182,0.2,1e-05,-7.178785155713558,18.00002790093422,990,0.0051165316
1000.0,206848,527,330.3275,391,101,0.8091145157814026,3.6715140342712402,0.015673828125,1.0171035528182983,-0.0034263222878507804,0.2,1e-05,-7.178863255679607,18.564458721876143,1000,0.0046889605
1000.0,208896,528,332.37,395,102,0.8221675753593445,6.3577680587768555,0.024755859375,1.0166219472885132,-0.004757165015325882,0.2,1e-05,-7.1783875450491905,17.543659111112355,1010,0.0053235563
1000.0,210944,528,334.5375,399,103,0.8241543769836426,63.716400146484375,0.019580078125,1.0173356533050537,-0.003944891068385914,0.2,1e-05,-7.1786647766828535,19.308922708034515,1020,0.004614258
1000.0,212992,528,336.83,403,104,0.8249733746051788,7.913961887359619,0.0203125,1.0172752141952515,-0.003834247692429926,0.2,1e-05,-7.180331003665924,21.1742441162467,1030,0.0047942973
1000.0,215040,528,333.075,406,105,-0.2145824432373047,15.707633972167969,0.019580078125,1.0172803401947021,-0.005059872333367821,0.2,1e-05,-7.180177326500416,78.87355898618698,1040,0.0050887736
1000.0,217088,528,336.01,410,106,0.8065788149833679,15.218568801879883,0.1013671875,1.0170314311981201,-0.012189752842095914,0.2,1e-05,-7.179694166779518,30.92843361645937,1050,0.009464702
1000.0,219136,528,337.5875,414,107,0.8190851509571075,6.013314723968506,0.028955078125,1.017033338546753,-0.0053839286178117614,0.2,1e-05,-7.1790199160575865,20.71630330309272,1060,0.006173443
1000.0,221184,528,339.835,418,108,0.8102374523878098,78.71739196777344,0.033544921875,1.016671895980835,-0.005592660261754645,0.2,1e-05,-7.1781501606106755,21.81567784398794,1070,0.007429502
1000.0,223232,528,340.855,422,109,0.8275532275438309,10.581116676330566,0.00888671875,1.0170775651931763,-0.003097027723561041,0.2,1e-05,-7.178350901603698,19.68014064207673,1080,0.0045128623
1000.0,225280,528,341.7025,426,110,0.759767547249794,5.591270446777344,0.05537109375,1.0174278020858765,-0.007668134996492881,0.2,1e-05,-7.1801807433366776,21.82528083026409,1090,0.007348378
1000.0,227328,527,342.535,430,111,0.8224878013134003,7.204056739807129,0.02529296875,1.0175594091415405,-0.0046667234011692925,0.2,1e-05,-7.181184729933738,20.495085098594426,1100,0.005686255
1000.0,229376,527,344.3875,434,112,0.7660554200410843,3.220975637435913,0.01435546875,1.0175044536590576,-0.005870809002954047,0.2,1e-05,-7.181567744910717,21.496725185215475,1110,0.005440691
1000.0,231424,527,346.1775,438,113,0.8051300197839737,11.954442977905273,0.0236328125,1.0173135995864868,-0.00343482184689492,0.2,1e-05,-7.180974189937115,18.81191700398922,1120,0.0052839597
1000.0,233472,527,347.5425,442,114,0.8119080513715744,3.854595899581909,0.0189453125,1.0170977115631104,-0.004004527557117399,0.2,1e-05,-7.179928679764271,19.156164599955083,1130,0.0049959593
1000.0,235520,527,349.9175,446,115,0.8094237297773361,4.6188645362854,0.02333984375,1.0170767307281494,-0.004788786340213846,0.2,1e-05,-7.179266273975372,20.154354448616505,1140,0.005009589
1000.0,237568,527,351.53,450,116,0.7773301750421524,6.296436786651611,0.00751953125,1.016792893409729,-0.0030326522057293913,0.2,1e-05,-7.178523941338062,21.673671497404577,1150,0.004139265
1000.0,239616,527,353.0025,454,117,0.7598219811916351,6.104038238525391,0.023974609375,1.0167077779769897,-0.0047203534275467975,0.2,1e-05,-7.177698600292206,22.56533899754286,1160,0.0050575985
1000.0,241664,527,354.88,458,118,0.8142124265432358,82.02272033691406,0.01123046875,1.0165698528289795,-0.0039227817745995704,0.2,1e-05,-7.177086170017719,21.200407423079014,1170,0.0049164407
1000.0,243712,527,356.7325,461,119,0.8182482570409775,13.46198558807373,0.0166015625,1.0165386199951172,-0.003928934883879265,0.2,1e-05,-7.176771472394466,19.73905002400279,1180,0.004703244
1000.0,245760,527,357.6125,465,120,0.8315484523773193,4.459270477294922,0.008056640625,1.0166022777557373,-0.0031639260032534366,0.2,1e-05,-7.176769369840622,18.47788452282548,1190,0.0044837
1000.0,247808,528,359.185,469,121,0.7926472127437592,10.035773277282715,0.016796875,1.0162798166275024,-0.005346787908638362,0.2,1e-05,-7.176241794228554,23.504472413659094,1200,0.0050122794
1000.0,249856,528,360.92,473,122,0.8106108456850052,2.5634961128234863,0.037939453125,1.0160760879516602,-0.0056366266857367005,0.2,1e-05,-7.174747638404369,19.682548952847718,1210,0.0064263903
1000.0,251904,528,361.8575,476,123,0.8180736303329468,69.68306732177734,0.023583984375,1.015876293182373,-0.004679913147265324,0.2,1e-05,-7.173825173079967,19.795388166606426,1220,0.0061102156
1000.0,253952,528,362.615,480,124,0.8428739011287689,6.120849132537842,0.032177734375,1.0158309936523438,-0.00424680152500514,0.2,1e-05,-7.173274222016334,17.673219676315785,1230,0.00432425
1000.0,256000,528,364.645,484,125,0.8483840823173523,2.701946973800659,0.018994140625,1.0155551433563232,-0.005761200754204765,0.2,1e-05,-7.172315162420273,18.903954126685857,1240,0.0047864313
1000.0,258048,528,365.4475,488,126,0.8306389451026917,2.5409584045410156,0.01337890625,1.015566110610962,-0.0036774870379304046,0.2,1e-05,-7.171721288561821,21.978335388749837,1250,0.0048452504
1000.0,260096,528,366.0425,492,127,0.8602428138256073,2.5629632472991943,0.005517578125,1.015804648399353,-0.003653891600333736,0.2,1e-05,-7.172332668304444,25.44417799189687,1260,0.0031459043
1000.0,262144,528,367.3625,495,128,0.821442186832428,3.1676907539367676,0.0173828125,1.0158717632293701,-0.004469067670288496,0.2,1e-05,-7.173024958372116,20.676628920435906,1270,0.0059511373
1000.0,264192,528,368.705,499,129,0.8426017165184021,5.848028659820557,0.03486328125,1.0161298513412476,-0.004352657982963137,0.2,1e-05,-7.173930533230305,18.132837054878472,1280,0.0061138393
1000.0,266240,528,370.695,503,130,0.8346662819385529,3.7904562950134277,0.004736328125,1.0158039331436157,-0.002547077173949219,0.2,1e-05,-7.1736558228731155,19.202377773821354,1290,0.003644152
1000.0,268288,529,372.1625,507,131,0.8369834423065186,9.666097640991211,0.03818359375,1.0154485702514648,-0.00550342177884886,0.2,1e-05,-7.172031703591347,20.53219416439533,1300,0.0064243264
1000.0,270336,529,373.17,510,132,0.82810378074646,10.068163871765137,0.012158203125,1.0152233839035034,-0.0038423254613007885,0.2,1e-05,-7.170497599244118,20.269982401281595,1310,0.0034182924
1000.0,272384,529,373.9325,514,133,0.8125639706850052,6.8454270362854,0.005615234375,1.0149260759353638,-0.002925421460167854,0.2,1e-05,-7.169412498176098,22.16651743799448,1320,0.0033281157
1000.0,274432,529,375.8875,518,134,0.837951123714447,6.22572135925293,0.023876953125,1.014648199081421,-0.00345330103446031,0.2,1e-05,-7.168094673752785,19.483104789257048,1330,0.0058421013
1000.0,276480,529,377.0125,522,135,0.820510596036911,9.5929536819458,0.020556640625,1.0144270658493042,-0.004695292441465426,0.2,1e-05,-7.1667117208242415,23.98244788199663,1340,0.0053865165
1000.0,278528,529,378.1525,526,136,0.8076329827308655,4.793310165405273,0.033251953125,1.0144014358520508,-0.005037846471532248,0.2,1e-05,-7.165994380414486,21.341664554178713,1350,0.007008164
1000.0,280576,529,377.9925,529,137,0.7823705524206161,2.562505006790161,0.00390625,1.0142244100570679,-0.002534041886246996,0.2,1e-05,-7.165721301734448,20.498502974957226,1360,0.0036210786
1000.0,282624,529,379.4775,533,138,0.8022742867469788,11.018956184387207,0.029150390625,1.0142505168914795,-0.005298434255018946,0.2,1e-05,-7.165244118869305,20.1668150305748,1370,0.005966246
1000.0,284672,529,379.8725,537,139,0.7886042594909668,5.581812381744385,0.02421875,1.014218807220459,-0.005229370819142787,0.2,1e-05,-7.165248264372349,20.750070217996836,1380,0.0051011518
1000.0,286720,529,380.725,541,140,0.8017015159130096,3.6720831394195557,0.0244140625,1.0141685009002686,-0.005051478680979926,0.2,1e-05,-7.164905895292759,20.18000573217869,1390,0.005393343
1000.0,288768,530,381.33,544,141,0.8083201944828033,6.049173831939697,0.02109375,1.0140478610992432,-0.0035627566889161245,0.2,1e-05,-7.164885097742081,18.057308784872294,1400,0.0041537387
1000.0,290816,530,382.4425,548,142,0.7425885200500488,11.994133949279785,0.01669921875,1.0139683485031128,-0.005366824725206243,0.2,1e-05,-7.164167249202729,22.937727792561056,1410,0.0048805536
1000.0,292864,530,383.295,552,143,0.8051800429821014,5.715495586395264,0.0248046875,1.0138107538223267,-0.0045224205052363685,0.2,1e-05,-7.1636402532458305,17.976312761753796,1420,0.0045679626
1000.0,294912,530,384.94,556,144,0.812531128525734,3.125688076019287,0.000390625,1.0136651992797852,-0.0018504897932871244,0.2,1e-05,-7.162843838334084,19.05123655870557,1430,0.001682845
1000.0,296960,530,386.535,559,145,0.8340547233819962,4.238126277923584,0.00712890625,1.0136150121688843,-0.0027541668896446936,0.2,1e-05,-7.162234884500504,21.16939298957586,1440,0.003814257
1000.0,299008,530,387.3175,563,146,0.810558408498764,9.87437629699707,0.051220703125,1.01340651512146,-0.007141546061029657,0.2,1e-05,-7.161686490476131,21.39036339968443,1450,0.0064415797
1000.0,301056,530,388.2525,567,147,0.805995300412178,67.2408447265625,0.02880859375,1.013113021850586,-0.004779127214715117,0.2,1e-05,-7.160307598114014,24.287408179044725,1460,0.0053394707
1000.0,303104,530,389.16,571,148,0.8515359461307526,6.855697154998779,0.033544921875,1.0128493309020996,-0.0043893289279367306,0.2,1e-05,-7.159059782326222,20.537002129107712,1470,0.0056144022
1000.0,305152,530,389.8775,574,149,0.7861628979444504,9.853899955749512,0.028857421875,1.0127674341201782,-0.005238835910131456,0.2,1e-05,-7.158208072185516,22.234717681258918,1480,0.005592707
1000.0,307200,530,390.1125,578,150,0.8173930495977402,9.52995491027832,0.020263671875,1.012657642364502,-0.004418219270883128,0.2,1e-05,-7.157756835222244,19.098954886198044,1490,0.005431573
1000.0,309248,530,389.9325,582,151,0.811455175280571,5.069899082183838,0.02451171875,1.0123283863067627,-0.004792118144541746,0.2,1e-05,-7.156761698424816,19.116688926517963,1500,0.0051139994
1000.0,311296,530,390.3175,586,152,0.7992600351572037,5.271674156188965,0.031494140625,1.0120916366577148,-0.004294437653152272,0.2,1e-05,-7.155205352604389,18.29080148264766,1510,0.005023799
1000.0,313344,531,398.09,590,153,0.8155480176210403,2.648010015487671,0.028955078125,1.01185142993927,-0.00660733066033572,0.2,1e-05,-7.153912268579006,18.15198107883334,1520,0.0057133837
1000.0,315392,531,398.205,593,154,0.8426047563552856,65.18981170654297,0.016796875,1.0118550062179565,-0.004038107886299258,0.2,1e-05,-7.153469629585743,18.825845056027173,1530,0.0055773323
1000.0,317440,531,398.36,597,155,0.822891116142273,5.115664005279541,0.02041015625,1.0120320320129395,-0.004370260948417126,0.2,1e-05,-7.153874796628952,21.52475183457136,1540,0.005097396
1000.0,319488,530,399.0,602,156,0.829352393746376,9.508456230163574,0.0013671875,1.0121722221374512,-0.002045788745454047,0.2,1e-05,-7.1545809879899025,18.101123429089785,1550,0.002026023
1000.0,321536,530,399.8375,605,157,0.8447835594415665,3.281216859817505,0.008837890625,1.0120233297348022,-0.003276275366806658,0.2,1e-05,-7.154743523895741,19.64662896692753,1560,0.0041113654
1000.0,323584,530,400.9725,609,158,0.8202178478240967,4.929903984069824,0.02880859375,1.0114729404449463,-0.005501427254785085,0.2,1e-05,-7.153030063211918,22.180578923225404,1570,0.005235977
1000.0,325632,530,401.675,613,159,0.7797628343105316,3.957677125930786,0.051025390625,1.0114699602127075,-0.008328650581825059,0.2,1e-05,-7.151363052427769,21.517514000833035,1580,0.0068443
1000.0,327680,530,402.5875,617,160,0.7724228352308273,6.2930474281311035,0.0060546875,1.0115644931793213,-0.0023413650451402646,0.2,1e-05,-7.151874430477619,22.052705587446688,1590,0.0041384026
1000.0,329728,530,402.7525,621,161,0.8133518248796463,3.173053741455078,0.04375,1.0111004114151,-0.006824664415034931,0.2,1e-05,-7.151003374159336,18.163736141473056,1600,0.0076548336
1000.0,331776,531,402.0575,624,162,0.8076852411031723,4.231288909912109,0.0330078125,1.0109235048294067,-0.0038497614019433967,0.2,1e-05,-7.149289886653423,20.80473513454199,1610,0.0071594473
1000.0,333824,531,402.2375,628,163,0.8096110820770264,4.204738616943359,0.008984375,1.010790467262268,-0.0039781958956155,0.2,1e-05,-7.14850959777832,19.359301786124707,1620,0.004623415
1000.0,335872,531,401.75,632,164,0.8178704679012299,9.161369323730469,0.034619140625,1.0106534957885742,-0.005018679338536458,0.2,1e-05,-7.147895188629628,19.17923834323883,1630,0.0052200784
1000.0,337920,531,401.6175,636,165,0.8304967731237411,5.164276599884033,0.021484375,1.0104944705963135,-0.004753118065127637,0.2,1e-05,-7.147230030596257,18.97800665795803,1640,0.005488183
1000.0,339968,531,401.8,639,166,0.8536389321088791,18.183788299560547,0.0109375,1.0103870630264282,-0.0027921207642066293,0.2,1e-05,-7.14643424898386,17.825302808731795,1650,0.004250475
1000.0,342016,531,402.12,643,167,0.8460978716611862,3.5446417331695557,0.011669921875,1.0102713108062744,-0.0034371410962194203,0.2,1e-05,-7.145751395821572,18.14248699322343,1660,0.0043409225
1000.0,344064,531,401.95,647,168,0.8402626216411591,4.551095962524414,0.021826171875,1.0099760293960571,-0.003952696974738501,0.2,1e-05,-7.144952277839184,25.78359398767352,1670,0.0037022147
1000.0,346112,531,402.17,651,169,0.8561289310455322,5.188669204711914,0.043701171875,1.0095490217208862,-0.004587142444870551,0.2,1e-05,-7.143122571706772,19.15318820476532,1680,0.007218861
1000.0,348160,531,402.5925,654,170,0.8403989225625992,15.162900924682617,0.01875,1.0092928409576416,-0.00412911810708465,0.2,1e-05,-7.141547358036041,18.59449781998992,1690,0.003484019
1000.0,350208,531,403.9225,658,171,0.8266938030719757,7.260630130767822,0.0630859375,1.0091097354888916,-0.008911331280978629,0.2,1e-05,-7.140313956141472,16.789590106159448,1700,0.006451698
1000.0,352256,531,404.4375,662,172,0.7596874088048935,16.229307174682617,0.01640625,1.0089632272720337,-0.004199595675163437,0.2,1e-05,-7.13949096351862,18.33814380466938,1710,0.004705154
1000.0,354304,531,405.0275,666,173,0.7504744678735733,4.916176795959473,0.02041015625,1.0088924169540405,-0.003574113225477049,0.2,1e-05,-7.139031401276588,18.399079456180335,1720,0.005433576
1000.0,356352,531,405.8775,670,174,0.8206071853637695,3.1187400817871094,0.0291015625,1.0086275339126587,-0.004629091030801646,0.2,1e-05,-7.138124088943004,18.106831622123718,1730,0.005388477
1000.0,358400,531,406.4875,673,175,0.8205367773771286,3.149075746536255,0.005029296875,1.0081876516342163,-0.004135624368063873,0.2,1e-05,-7.136326313018799,19.447631199657916,1740,0.0032391027
1000.0,360448,531,408.4925,677,176,0.8222954571247101,9.702449798583984,0.026123046875,1.00779390335083,-0.004100609848683235,0.2,1e-05,-7.134288780391216,18.172484104335307,1750,0.0051327483
1000.0,362496,532,408.245,681,177,0.8277872800827026,8.488163948059082,0.03251953125,1.0077362060546875,-0.004106139281066135,0.2,1e-05,-7.133094276487827,16.72579347118735,1760,0.006621054
1000.0,364544,532,408.8725,685,178,0.8045588582754135,6.025027275085449,0.030029296875,1.0077837705612183,-0.004889426396402996,0.2,1e-05,-7.133106319606304,22.019494025409223,1770,0.007147662
1000.0,366592,532,408.7875,688,179,0.8188891261816025,7.629656791687012,0.014794921875,1.0078388452529907,-0.0037504309526411816,0.2,1e-05,-7.133312608301639,19.839541032910347,1780,0.004545795
1000.0,368640,532,408.815,692,180,0.8206506371498108,44.7108039855957,0.032763671875,1.007755994796753,-0.005679159316059668,0.2,1e-05,-7.13316200375557,18.78583136498928,1790,0.0048203776
1000.0,370688,532,409.38,696,181,0.8055822551250458,2.6927363872528076,0.03974609375,1.0076119899749756,-0.005203405302745523,0.2,1e-05,-7.132814066112042,18.327813950926064,1800,0.0065881643
1000.0,372736,532,409.1575,700,182,0.836488738656044,3.5822014808654785,0.052685546875,1.007417917251587,-0.007508396364573855,0.2,1e-05,-7.131634889543056,17.940339581668376,1810,0.005484362
1000.0,374784,532,408.7925,703,183,0.8260969370603561,2.839265823364258,0.0162109375,1.0072660446166992,-0.004026332082867156,0.2,1e-05,-7.131112790107727,18.59547172486782,1820,0.004668901
1000.0,376832,532,408.88,707,184,0.8007439523935318,6.3173418045043945,0.045458984375,1.0073286294937134,-0.006727106346806977,0.2,1e-05,-7.130679835379124,18.442477482557297,1830,0.0064591477
1000.0,378880,532,408.585,711,185,0.8117889165878296,11.052083015441895,0.009375,1.0071269273757935,-0.002232044658740051,0.2,1e-05,-7.13051359206438,18.617092733085155,1840,0.0048051747
1000.0,380928,532,409.9975,715,186,0.8217185139656067,14.38665771484375,0.046337890625,1.006964087486267,-0.006885743232851382,0.2,1e-05,-7.129285930097103,19.511849801242352,1850,0.006481258
1000.0,382976,532,410.2775,719,187,0.8183983415365219,2.7846038341522217,0.0326171875,1.006697177886963,-0.005498167307814583,0.2,1e-05,-7.1284256935119625,16.164636808633805,1860,0.004721165
1000.0,385024,532,410.875,722,188,0.7948878854513168,9.21768856048584,0.003076171875,1.0070075988769531,-0.0028534230958030095,0.2,1e-05,-7.128401662409305,19.351300209760666,1870,0.003523437
1000.0,387072,532,411.2575,726,189,0.821501836180687,18.921646118164062,0.036669921875,1.006553292274475,-0.005889432007097639,0.2,1e-05,-7.128267125785351,24.880775701999664,1880,0.006064313
1000.0,389120,532,412.32,730,190,0.8410988003015518,10.522625923156738,0.0265625,1.006190538406372,-0.0041978115077654365,0.2,1e-05,-7.126292355358601,17.915940004587174,1890,0.0056195324
1000.0,391168,532,412.3675,734,191,0.8072079569101334,13.759517669677734,0.0341796875,1.0060641765594482,-0.007075863857608056,0.2,1e-05,-7.125002352893352,19.9464150428772,1900,0.0059892666
1000.0,393216,532,412.29,737,192,0.7693321853876114,4.747344493865967,0.015576171875,1.0058913230895996,-0.004126503920997493,0.2,1e-05,-7.124160508811474,19.23516193330288,1910,0.005040178
1000.0,395264,532,411.9175,741,193,0.83111572265625,8.271818161010742,0.042626953125,1.005847692489624,-0.007061863095441367,0.2,1e-05,-7.123614238202572,17.30343810468912,1920,0.0062300456
1000.0,397312,532,412.3675,745,194,0.8412710279226303,2.464055299758911,0.0091796875,1.0061033964157104,-0.003404965761001222,0.2,1e-05,-7.12414134889841,18.103025807440282,1930,0.004434824
1000.0,399360,533,412.6375,749,195,0.8504599332809448,3.261967658996582,0.026025390625,1.0057569742202759,-0.004990545063992613,0.2,1e-05,-7.12401609569788,15.462614368647337,1940,0.00529147
1000.0,401408,533,412.3675,752,196,0.8095465302467346,3.137155532836914,0.030419921875,1.005803108215332,-0.00461843297307496,0.2,1e-05,-7.123241449892521,18.557903807610273,1950,0.004463387
1000.0,403456,533,413.6425,756,197,0.8322216868400574,3.3774900436401367,0.011962890625,1.006078839302063,-0.00250680790777551,0.2,1e-05,-7.123958902060986,17.618565690517425,1960,0.0034843069
1000.0,405504,533,413.67,760,198,0.8037751764059067,8.543024063110352,0.013330078125,1.0059142112731934,-0.003442159665428335,0.2,1e-05,-7.124373459815979,16.94281407445669,1970,0.0044142893
1000.0,407552,533,414.5975,764,199,0.8216543793678284,78.40767669677734,0.019775390625,1.005565881729126,-0.003378372262523044,0.2,1e-05,-7.123055164515972,16.757568234950305,1980,0.005701982
1000.0,409600,533,415.1525,768,200,0.8123173415660858,2.991825819015503,0.00966796875,1.0056208372116089,-0.003442409407580271,0.2,1e-05,-7.122254398465157,17.724511986970903,1990,0.0029528805
1000.0,411648,533,416.2125,772,201,0.7851500064134598,17.60605812072754,0.0607421875,1.0053080320358276,-0.007832157072698465,0.2,1e-05,-7.121682566404343,21.762608866393567,2000,0.007130488
1000.0,413696,533,416.3925,776,202,0.8222168236970901,9.302436828613281,0.022412109375,1.0051555633544922,-0.0054207657456572635,0.2,1e-05,-7.1205161437392235,22.058836369216444,2010,0.005878793
1000.0,415744,533,416.035,779,203,0.842292919754982,5.564267635345459,0.016748046875,1.0049742460250854,-0.0035926971162552946,0.2,1e-05,-7.119706708192825,19.385135946422814,2020,0.0045296345
1000.0,417792,533,416.5725,783,204,0.8387332111597061,4.201295852661133,0.043505859375,1.0046495199203491,-0.005256794731394621,0.2,1e-05,-7.118442663550377,17.007457960397005,2030,0.005613127
1000.0,419840,533,416.6825,787,205,0.8278093934059143,8.271860122680664,0.038427734375,1.004338264465332,-0.006338844634592533,0.2,1e-05,-7.116721293330192,16.893324184417725,2040,0.005855789
1000.0,421888,533,417.0125,791,206,0.8195566385984421,18.30140495300293,0.026220703125,1.0041649341583252,-0.004256227020960068,0.2,1e-05,-7.11556088924408,17.7975706666708,2050,0.0046637813
1000.0,423936,533,416.725,794,207,0.8386020660400391,8.391530990600586,0.042431640625,1.0039794445037842,-0.005294177336327266,0.2,1e-05,-7.114614968001843,16.241338756680488,2060,0.005763856
1000.0,425984,533,416.82,798,208,0.8242201805114746,8.70804500579834,0.025634765625,1.003976583480835,-0.0050688028335571286,0.2,1e-05,-7.114197896420956,19.19364842697978,2070,0.005695473
1000.0,428032,533,417.315,802,209,0.8411309719085693,3.1744019985198975,0.0208984375,1.0035713911056519,-0.0045281764756509805,0.2,1e-05,-7.113260492682457,16.62456292882562,2080,0.0043914756
1000.0,430080,533,417.9075,806,210,0.8281244933605194,9.903419494628906,0.02412109375,1.0033159255981445,-0.004845889130956493,0.2,1e-05,-7.111532798409462,26.380515372753145,2090,0.0057432395
1000.0,432128,533,418.725,809,211,0.8494775891304016,2.757220506668091,0.009423828125,1.0030224323272705,-0.002731262444285676,0.2,1e-05,-7.110355691611767,15.714879698306323,2100,0.0044702175
1000.0,434176,533,419.355,813,212,0.8668157160282135,5.556521892547607,0.022021484375,1.003073811531067,-0.00336571963125607,0.2,1e-05,-7.1095468506217,15.513168031349778,2110,0.0046862606
1000.0,436224,533,419.82,817,213,0.8563334047794342,1.8911194801330566,0.030078125,1.0026752948760986,-0.005114199285890209,0.2,1e-05,-7.108681260049343,15.6731229506433,2120,0.0069688996
1000.0,438272,533,420.26,821,214,0.831997737288475,67.86674499511719,0.012548828125,1.002636194229126,-0.004159939938108437,0.2,1e-05,-7.107402549684048,17.062790440022944,2130,0.003998098
1000.0,440320,533,421.5625,825,215,0.8346059173345566,2.1230533123016357,0.001025390625,1.0027225017547607,-0.002083656554168556,0.2,1e-05,-7.1076449990272526,17.65715418085456,2140,0.001212517
1000.0,442368,533,421.5425,828,216,0.8416872024536133,9.832056999206543,0.007080078125,1.0028430223464966,-0.0019056938857829665,0.2,1e-05,-7.108216698467731,16.7759579770267,2150,0.0028667515
1000.0,444416,533,422.2025,832,217,0.843959391117096,11.073202133178711,0.00498046875,1.0027930736541748,-0.002261466112395283,0.2,1e-05,-7.108524711430073,17.015993123501538,2160,0.002717687
1000.0,446464,533,422.355,836,218,0.87201789021492,44.386653900146484,0.026123046875,1.0027778148651123,-0.005273700371617451,0.2,1e-05,-7.108187530934811,15.120977798104287,2170,0.0049059903
1000.0,448512,533,423.0975,840,219,0.832067608833313,5.203102111816406,0.054052734375,1.0028358697891235,-0.0069265240810636895,0.2,1e-05,-7.108461475372314,18.132125537842512,2180,0.0064617135
1000.0,450560,533,423.4275,843,220,0.858536034822464,3.5923614501953125,0.020361328125,1.0027107000350952,-0.0028999135342019145,0.2,1e-05,-7.108213663101196,16.510464433580637,2190,0.0058307303
1000.0,452608,533,423.245,847,221,0.8552753031253815,5.2317352294921875,0.016162109375,1.0024632215499878,-0.003939836754580028,0.2,1e-05,-7.107233721017837,15.858962809294463,2200,0.0053859847
1000.0,454656,534,423.92,851,222,0.8556517064571381,9.644309997558594,0.02998046875,1.0023949146270752,-0.004356249789270805,0.2,1e-05,-7.106449703872204,16.198294255137444,2210,0.006400401
1000.0,456704,534,424.1425,855,223,0.8109502494335175,4.322004318237305,0.064404296875,1.0022408962249756,-0.00842476303660078,0.2,1e-05,-7.105772897601128,18.582740703225134,2220,0.0071354667
1000.0,458752,534,424.0225,858,224,0.8518552929162979,13.731222152709961,0.0201171875,1.0021817684173584,-0.0031710660899989308,0.2,1e-05,-7.10530409514904,16.652242057025433,2230,0.004828087
1000.0,460800,534,423.26,862,225,0.8274166584014893,1.9693162441253662,0.02802734375,1.0018322467803955,-0.0035926443961216137,0.2,1e-05,-7.104255717992783,18.559643764048815,2240,0.0050028455
1000.0,462848,534,424.275,866,226,0.8385849446058273,5.661336421966553,0.02529296875,1.0015580654144287,-0.0038822781934868544,0.2,1e-05,-7.1026899933815,16.632474347949028,2250,0.004122457
1000.0,464896,534,424.3025,870,227,0.8284608870744705,10.126455307006836,0.038623046875,1.0014086961746216,-0.00643548713560449,0.2,1e-05,-7.101603946089744,19.365588347613812,2260,0.00704774
1000.0,466944,534,424.02,873,228,0.8461347222328186,12.464445114135742,0.038037109375,1.0012964010238647,-0.004846452610581764,0.2,1e-05,-7.100853477418423,15.309889221936464,2270,0.005733233
1000.0,468992,534,424.3775,877,229,0.8354263156652451,8.1160306930542,0.020166015625,1.0009971857070923,-0.0036895017154165545,0.2,1e-05,-7.099923938512802,16.144833955168725,2280,0.003962702
1000.0,471040,534,424.7925,881,230,0.8826303035020828,4.8147101402282715,0.016064453125,1.0005377531051636,-0.00410531827583327,0.2,1e-05,-7.098115450143814,13.471737027168274,2290,0.0039673466
1000.0,473088,534,424.5975,885,231,0.8719914108514786,14.723114967346191,0.027001953125,1.0002328157424927,-0.004418055378482677,0.2,1e-05,-7.096200050413609,18.852012242376805,2300,0.0054106237
1000.0,475136,534,425.0725,888,232,0.8610374927520752,20.052446365356445,0.021728515625,0.9999904632568359,-0.0032219751803495454,0.2,1e-05,-7.094856116175651,14.027307896316051,2310,0.005360722
1000.0,477184,534,424.7775,892,233,0.8847279623150826,7.879543781280518,0.03896484375,0.9998347163200378,-0.0045810914503817916,0.2,1e-05,-7.093775001168251,15.138209281116724,2320,0.00605858
1000.0,479232,534,425.255,896,234,0.8773523718118668,4.693253993988037,0.056884765625,0.9997035264968872,-0.00618069812990143,0.2,1e-05,-7.092911545932293,15.667427913099527,2330,0.007502641
1000.0,481280,534,425.73,900,235,0.8427745699882507,3.69276762008667,0.0341796875,0.999411940574646,-0.006201443882309832,0.2,1e-05,-7.0919299274683,17.561610519886017,2340,0.00661596
1000.0,483328,534,426.1875,904,236,0.875075176358223,3.273622989654541,0.059716796875,0.9990680813789368,-0.006662863251403905,0.2,1e-05,-7.090385288000107,14.633499206602574,2350,0.0072130803
1000.0,485376,534,426.8025,907,237,0.8336637020111084,4.757765769958496,0.021240234375,0.9992460012435913,-0.00461131116389879,0.2,1e-05,-7.089908847212792,15.69693877324462,2360,0.004609527
1000.0,487424,534,427.065,911,238,0.8710184395313263,1.8418983221054077,0.055419921875,0.9990538358688354,-0.007651328155043302,0.2,1e-05,-7.089860413968563,13.004962672293185,2370,0.0068856725
1000.0,489472,534,428.3425,915,239,0.8578606843948364,4.547243118286133,0.0169921875,0.9992601275444031,-0.0031358845553768333,0.2,1e-05,-7.0898945212364195,15.66092927083373,2380,0.0043673585
1000.0,491520,534,429.6025,919,240,0.847483292222023,12.212430000305176,0.059423828125,0.9991563558578491,-0.00768135972757591,0.2,1e-05,-7.090206412971019,17.60780968144536,2390,0.007896849
1000.0,493568,534,430.82,923,241,0.8479657620191574,6.039058685302734,0.097412109375,0.999106764793396,-0.009017446423240472,0.2,1e-05,-7.089773517847061,20.08229073882103,2400,0.008782079
1000.0,495616,534,430.59,926,242,0.8867414221167564,5.176810264587402,0.02451171875,0.9992036819458008,-0.003342090911610285,0.2,1e-05,-7.089889325201511,14.836676412075757,2410,0.00487021
1000.0,497664,534,430.52,930,243,0.8810892477631569,35.158111572265625,0.019775390625,0.9990516901016235,-0.0031598314686561934,0.2,1e-05,-7.0898053526878355,15.725163451582194,2420,0.005045422
1000.0,499712,534,430.9825,934,244,0.8738027811050415,4.917863845825195,0.029443359375,0.9990711212158203,-0.00557369489397388,0.2,1e-05,-7.089305579662323,15.387904624640942,2430,0.0047663115
1000.0,501760,534,431.1375,938,245,0.8798391222953796,2.2248544692993164,0.077978515625,0.9988365173339844,-0.009694057386514032,0.2,1e-05,-7.089011490345001,16.396617934852838,2440,0.007992329
1000.0,503808,534,430.61,941,246,0.8928832709789276,10.532862663269043,0.039599609375,0.9987703561782837,-0.004163309591967845,0.2,1e-05,-7.087985125184059,14.597718599438668,2450,0.005011749
1000.0,505856,534,430.8325,945,247,0.8512353897094727,5.860355854034424,0.015087890625,0.9987080693244934,-0.0036742460753885096,0.2,1e-05,-7.087835811078548,15.5494653634727,2460,0.0046084924
1000.0,507904,534,431.795,949,248,0.8502778112888336,17.072349548339844,0.0333984375,0.9987359046936035,-0.0058516240904282315,0.2,1e-05,-7.087633673846722,15.58032839000225,2470,0.0065092817
1000.0,509952,534,431.59,953,249,0.8838475793600082,7.928252220153809,0.041552734375,0.9989179372787476,-0.0069834764464758335,0.2,1e-05,-7.088176837563514,13.827121453732252,2480,0.006535244
1000.0,512000,535,431.075,957,250,0.8511177748441696,3.0477659702301025,0.011962890625,0.9987897872924805,-0.00397500832186779,0.2,1e-05,-7.088343270123005,15.050310315191746,2490,0.004007298
1000.0,514048,535,431.1575,960,251,0.8530619293451309,9.449699401855469,0.010888671875,0.998782753944397,-0.0020902874290186445,0.2,1e-05,-7.087978230416775,17.885154211521147,2500,0.003911382
1000.0,516096,535,431.13,964,252,0.894409604370594,2.4380931854248047,0.0349609375,0.99848872423172,-0.006172853766474873,0.2,1e-05,-7.087172845005989,14.662329794466496,2510,0.006162876
1000.0,518144,535,430.92,968,253,0.8514881879091263,2.3862767219543457,0.054345703125,0.9986060857772827,-0.007432806873111986,0.2,1e-05,-7.08663986325264,12.84500452131033,2520,0.0075622033
1000.0,520192,535,431.7875,972,254,0.8346933871507645,12.38306713104248,0.006982421875,0.998428463935852,-0.0024776315032795536,0.2,1e-05,-7.086597147583961,15.771468634158373,2530,0.003510844
1000.0,522240,535,431.805,975,255,0.7907615154981613,7.986818313598633,0.044580078125,0.998332679271698,-0.006076420615136158,0.2,1e-05,-7.085950917005539,17.751370776444674,2540,0.0060494584
1000.0,524288,535,432.6175,979,256,0.814168393611908,3.5381884574890137,0.053466796875,0.9981938600540161,-0.008076047792565077,0.2,1e-05,-7.085363599658012,15.241881643235683,2550,0.007149255
1000.0,526336,535,432.8325,983,257,0.8385384529829025,11.15656852722168,0.019189453125,0.9980243444442749,-0.003801003757689614,0.2,1e-05,-7.08473649173975,13.95074786990881,2560,0.00422679
1000.0,528384,535,433.37,987,258,0.8299513459205627,4.725564956665039,0.02783203125,0.9981517791748047,-0.005436855448351707,0.2,1e-05,-7.084489673376083,16.345650547742842,2570,0.0043907035
1000.0,530432,535,434.2275,990,259,0.8484652489423752,9.663647651672363,0.067529296875,0.9985806345939636,-0.006594385944845271,0.2,1e-05,-7.0857713028788565,13.96704927906394,2580,0.007336042
1000.0,532480,535,435.1625,994,260,0.8426472395658493,6.821152210235596,0.02958984375,0.9982745051383972,-0.0049616397860518194,0.2,1e-05,-7.086308839917183,16.28258591145277,2590,0.005255901
1000.0,534528,535,435.9075,998,261,0.8425079584121704,12.606693267822266,0.0359375,0.9982558488845825,-0.006221344523873995,0.2,1e-05,-7.085277931392193,16.48754858598113,2600,0.00527612
1000.0,536576,535,436.0575,1002,262,0.8493924885988235,9.27688980102539,0.0755859375,0.9983552694320679,-0.009109859190357384,0.2,1e-05,-7.08563144505024,14.684229670464992,2610,0.0076444075
1000.0,538624,535,435.92,1006,263,0.84824638068676,6.855288505554199,0.064501953125,0.9981566667556763,-0.00843134029128123,0.2,1e-05,-7.085318981111049,14.375100570172071,2620,0.006674056
1000.0,540672,535,435.615,1009,264,0.8203631639480591,9.719270706176758,0.0326171875,0.9978811144828796,-0.004579159825516399,0.2,1e-05,-7.084118242561817,15.775211043655872,2630,0.0036613173
1000.0,542720,535,436.2,1013,265,0.8655717372894287,6.879162788391113,0.020703125,0.9974980354309082,-0.003826286076218821,0.2,1e-05,-7.082582692801952,15.294604387134314,2640,0.004321221
1000.0,544768,535,435.9375,1017,266,0.8550368845462799,10.346717834472656,0.01044921875,0.9968451261520386,-0.0033814962866017596,0.2,1e-05,-7.079877734184265,15.893505237996578,2650,0.003595509
1000.0,546816,535,437.355,1021,267,0.8567852526903152,7.953430652618408,0.055078125,0.9966971278190613,-0.007138112198299495,0.2,1e-05,-7.077762518823147,13.476401749253274,2660,0.006168634
1000.0,548864,535,438.28,1024,268,0.8681518137454987,4.198780536651611,0.014697265625,0.9965428113937378,-0.00404219321499113,0.2,1e-05,-7.07696325480938,13.368308600783347,2670,0.0043669296
